noise_level,model_a_ari_mean,model_a_ari_std,model_b_ari_mean,model_b_ari_std
0.0,0.8407855445121892,0.01519014335396568,0.8336195837762193,0.006498739935241794
0.05,0.7885438534435285,0.010684232209554133,0.7919250572022261,0.011060055493069362
0.1,0.7333487799713907,0.008795553626809961,0.7482428734469677,0.015765030004685657
0.15,0.6822319762740385,0.010785893280595881,0.7116319003285081,0.012680869045900522
0.2,0.6416742489143998,0.005895191529597234,0.6764468827116483,0.011636667951273326
0.25,0.5743417583656772,0.015918964210163866,0.6365146416058752,0.011293810828390231
0.3,0.5374608433829337,0.013227649292413208,0.6087649495392394,0.009407853606465915
