configuration,coord_weight,edge_weight,count_weight,ari_mean,ari_std
Low_Edge,1.0,0.5,0.1,0.8041752893617289,0.010402791030159893
Medium_Edge,1.0,1.0,0.1,0.8100500445116632,0.015446134749217017
Optimal,1.0,2.0,0.1,0.8332652891498779,0.012973079431953504
High_Edge,1.0,3.0,0.1,0.8134370203345821,0.009226898110652516
Low_Count,1.0,2.0,0.05,0.8237134164388241,0.009777692003451445
High_Count,1.0,2.0,0.2,0.8169281527407097,0.0147711592954253
