method,ari_mean,ari_std,time_mean,time_std,memory_usage
ModelA_GNN,0.8256852657440821,0.054379083461704794,0.8303015732730217,0.08474399853715528,4.2
ModelB_Similarity,0.83521391238774,0.06990106819280131,0.004625597812362688,0.0005810769723114035,1.1
Sklearn_ImgToGraph,0.5034157411706597,0.0468649965004984,14.213292303160689,1.7901613987030094,2.8
Watershed,0.3081469456114332,0.019215651140089846,0.9011430171149544,0.11180031365921014,1.2
SLIC,0.2997360310363383,0.015194326312706978,0.12068003204553553,0.013087564623706116,0.8
Felzenszwalb,0.28633089670533013,0.02290116547236962,0.4319611775480025,0.06357298829843032,1.1
GraphCut,0.3448384415622936,0.02137278581712149,2.1506408828625885,0.30425527979448114,3.2
SpectralClustering,0.4317986994544805,0.03588754891305114,1.7784833490470284,0.24502954052231996,2.1
