batch_size,model_a_throughput,model_b_throughput,model_a_memory,model_b_memory
1,1.0309278350515465,192.30769230769232,5.0,1.3
2,1.8691588785046729,370.3703703703703,5.800000000000001,1.5
4,3.149606299212598,689.655172413793,7.4,1.9000000000000001
8,4.790419161676647,1212.1212121212122,10.600000000000001,2.7
16,6.477732793522267,1951.2195121951218,17.0,4.300000000000001
32,7.862407862407862,2807.017543859649,29.8,7.5
64,8.803301237964236,3595.5056179775283,55.400000000000006,13.9
